{"summac_refs": {"space": {"refs": [0.9634408354759216, 0.9836626052856445, 0.9012762308120728, 0.9588898420333862, 0.9063177704811096, 0.9578169584274292, 0.982191264629364, 0.9408500790596008, 0.9056281447410583, 0.9168049693107605, 0.9048961400985718, 0.919808566570282, 0.900382399559021, 0.9661521315574646, 0.9066243767738342, 0.9525580406188965, 0.921972393989563, 0.9538140892982483, 0.9283744692802429, 0.9510290622711182, 0.9466762542724609, 0.941770076751709, 0.9531167149543762, 0.9050647616386414, 0.8879114389419556], "rand": [0.40849852561950684, 0.22348129749298096, 0.2415998876094818, 0.2560698390007019, 0.23914173245429993, 0.2196638584136963, 0.2392093539237976, 0.5197611451148987, 0.29359397292137146, 0.289394348859787, 0.218253955245018, 0.22436979413032532, 0.22154490649700165, 0.2515729069709778, 0.33490270376205444, 0.23539826273918152, 0.2325783520936966, 0.22125226259231567, 0.22380538284778595, 0.2333243489265442, 0.22436340153217316, 0.22365878522396088, 0.25675395131111145, 0.23329409956932068, 0.22579537332057953], "centroid": [0.22685649991035461, 0.24852076172828674, 0.22223208844661713, 0.3419824242591858, 0.23359887301921844, 0.22424747049808502, 0.27169737219810486, 0.36655864119529724, 0.23104040324687958, 0.26633086800575256, 0.23378312587738037, 0.23880364000797272, 0.22925373911857605, 0.22064560651779175, 0.22461390495300293, 0.3039361834526062, 0.2496514618396759, 0.22242951393127441, 0.2700556218624115, 0.2554711103439331, 0.29871562123298645, 0.3513604700565338, 0.2659071385860443, 0.22849507629871368, 0.22989216446876526], "lexrank": [0.21924489736557007, 0.2280476838350296, 0.218608558177948, 0.2751741111278534, 0.23461051285266876, 0.22268767654895782, 0.22800597548484802, 0.22155269980430603, 0.22420679032802582, 0.21223145723342896, 0.22877255082130432, 0.2191331684589386, 0.2240259200334549, 0.2248889058828354, 0.22527381777763367, 0.22299818694591522, 0.22083556652069092, 0.22215008735656738, 0.22417689859867096, 0.23376977443695068, 0.2204444855451584, 0.22310012578964233, 0.21881812810897827, 0.238639235496521, 0.2256939709186554], "gpt3_002": [0.2228744626045227, 0.22963233292102814, 0.21967478096485138, 0.24030175805091858, 0.22219334542751312, 0.2198505401611328, 0.2544049918651581, 0.22546404600143433, 0.22396160662174225, 0.22450973093509674, 0.23367533087730408, 0.23958571255207062, 0.2353106290102005, 0.23542353510856628, 0.24100439250469208, 0.25411751866340637, 0.22990475594997406, 0.6342666745185852, 0.2458411008119583, 0.22675026953220367, 0.26530221104621887, 0.23955309391021729, 0.2193610966205597, 0.44923222064971924, 0.2592999041080475], "qt": [0.4179672598838806, 0.40217772126197815, 0.3986993134021759, 0.5487962961196899, 0.34393271803855896, 0.477786660194397, 0.4901546835899353, 0.434016615152359, 0.4607568085193634, 0.45101264119148254, 0.40584471821784973, 0.254209965467453, 0.42318665981292725, 0.40702658891677856, 0.478691428899765, 0.36545684933662415, 0.3705768287181854, 0.520581066608429, 0.4701055586338043, 0.4145241677761078, 0.4204212427139282, 0.3794744610786438, 0.35825997591018677, 0.328313946723938, 0.26518723368644714], "semae": [0.21576768159866333, 0.6127963662147522, 0.23529808223247528, 0.23714184761047363, 0.22133305668830872, 0.27209198474884033, 0.25101685523986816, 0.2234238237142563, 0.3299110531806946, 0.2108568698167801, 0.2547784745693207, 0.24630531668663025, 0.2228938490152359, 0.2641337811946869, 0.422105610370636, 0.22202199697494507, 0.26183491945266724, 0.47784626483917236, 0.24077698588371277, 0.30182918906211853, 0.22551195323467255, 0.23191462457180023, 0.2792624235153198, 0.2343677580356598, 0.277418851852417], "copycat": [0.22505420446395874, 0.5519711375236511, 0.5818649530410767, 0.2519565522670746, 0.6415345072746277, 0.2356552630662918, 0.23038513958454132, 0.23736082017421722, 0.4777125120162964, 0.2302396148443222, 0.2360750436782837, 0.2357112169265747, 0.7038429975509644, 0.712062418460846, 0.2357190102338791, 0.2971261739730835, 0.480511337518692, 0.24163611233234406, 0.4909500181674957, 0.24655315279960632, 0.2341081202030182, 0.23553578555583954, 0.24205759167671204, 0.24336251616477966, 0.8238662481307983], "bimeanvae_avg": [0.22559905052185059, 0.46518179774284363, 0.45942825078964233, 0.3943828046321869, 0.4837091565132141, 0.37045738101005554, 0.45810753107070923, 0.22785305976867676, 0.4041392505168915, 0.26931247115135193, 0.24766986072063446, 0.22701121866703033, 0.5677562355995178, 0.2781440317630768, 0.22675929963588715, 0.2256215661764145, 0.34425297379493713, 0.5107229351997375, 0.4164236783981323, 0.46837007999420166, 0.3569747805595398, 0.38000723719596863, 0.3115714490413666, 0.4921221435070038, 0.23881420493125916], "bimeanvae_coop": [0.258273720741272, 0.4715442359447479, 0.6330157518386841, 0.4338117837905884, 0.5986329913139343, 0.2431057095527649, 0.41353747248649597, 0.24323508143424988, 0.3293118476867676, 0.4870039224624634, 0.25058257579803467, 0.24788017570972443, 0.5657204389572144, 0.5191061496734619, 0.23112814128398895, 0.23681765794754028, 0.4782162010669708, 0.5878505706787109, 0.2377188354730606, 0.4713265001773834, 0.3941710293292999, 0.38000723719596863, 0.33202406764030457, 0.5410685539245605, 0.253179669380188], "extractive": [0.2707109749317169, 0.4198760986328125, 0.495067834854126, 0.417135626077652, 0.45785844326019287, 0.5380430221557617, 0.577561616897583, 0.6627622246742249, 0.5031024217605591, 0.38121241331100464, 0.24813558161258698, 0.2823604941368103, 0.49165987968444824, 0.6280062794685364, 0.5628800392150879, 0.284471333026886, 0.6145410537719727, 0.41001829504966736, 0.34101352095603943, 0.3163042366504669, 0.4435915946960449, 0.4330824613571167, 0.31592726707458496, 0.3803631663322449, 0.5201272964477539], "abstractive": [0.5445250272750854, 0.3375815749168396, 0.6047058701515198, 0.5058624148368835, 0.6932448744773865, 0.8065086603164673, 0.6779341697692871, 0.7615240216255188, 0.5265906453132629, 0.6157150268554688, 0.6704308390617371, 0.3185683786869049, 0.6066460609436035, 0.8817058801651001, 0.57533860206604, 0.44893017411231995, 0.6891790628433228, 0.6830242872238159, 0.4730473756790161, 0.6191393136978149, 0.7292410731315613, 0.6347557306289673, 0.4106270670890808, 0.631107747554779, 0.5827274918556213]}, "amasum-electronics": {}}, "summac_ins": {"space": {"refs": [0.7840056419372559, 0.5486965179443359, 0.48390382528305054, 0.6261729001998901, 0.7539552450180054, 0.7960728406906128, 0.43793538212776184, 0.419241726398468, 0.4891580045223236, 0.6762263178825378, 0.6921499371528625, 0.7265661954879761, 0.6690261363983154, 0.5800887942314148, 0.4331715703010559, 0.6204085946083069, 0.4201936721801758, 0.6530635356903076, 0.5178040862083435, 0.6053100824356079, 0.49400147795677185, 0.5981108546257019, 0.4031825363636017, 0.6783391833305359, 0.6182325482368469], "rand": [0.5814958810806274, 0.4227641522884369, 0.4070534110069275, 0.453860878944397, 0.4205712378025055, 0.40181562304496765, 0.5107371807098389, 0.7588714957237244, 0.4981105923652649, 0.8590110540390015, 0.35092678666114807, 0.458434522151947, 0.35612359642982483, 0.5755717158317566, 0.4952813386917114, 0.41239359974861145, 0.4247494339942932, 0.3768952190876007, 0.5169535875320435, 0.4363212585449219, 0.49510183930397034, 0.37496817111968994, 0.5499758720397949, 0.41448986530303955, 0.9526342153549194], "centroid": [0.46822693943977356, 0.42216017842292786, 0.41859883069992065, 0.47360125184059143, 0.5130302309989929, 0.4769183397293091, 0.48884719610214233, 0.5836678743362427, 0.3875270187854767, 0.6735903024673462, 0.9576144814491272, 0.5983811020851135, 0.4520470201969147, 0.36804303526878357, 0.47902050614356995, 0.4204834997653961, 0.5469261407852173, 0.42053237557411194, 0.5833558440208435, 0.5253410339355469, 0.6305357217788696, 0.9655764102935791, 0.8281206488609314, 0.40741950273513794, 0.40838316082954407],