{"rooms": {"refs": [57.14285714285715, 100.0, 100.0, 100.0, 100.0, 50.0, 100.0, 40.0, 0, 100.0, 100.0, 28.57142857142857, 66.66666666666666, 33.33333333333333, 100.0, 100.0, 100.0, 50.0, 100.0, 100.0, 100.0, 33.333333333333336, 100.0, 100.0, 100.0, 100.0, 57.14285714285715, 100.0, 66.66666666666666, 100.0, 100.0, 100.0, 100.0, 100.0, 100.0, 100.0, 57.14285714285715, 66.66666666666666, 50.0, 100.0, 100.0, 100.0, 40.0, 66.66666666666666, 100.0, 100.0, 0, 100.0, 100.0, 0, 66.66666666666666, 100.0, 74.99999999999999, 28.571428571428577, 100.0, 100.0, 100.0, 66.66666666666666, 100.0, 100.0, 100.0, 100.0, 66.66666666666666, 40.0, 100.0, 66.66666666666666, 100.0, 33.333333333333336, 100.0, 28.571428571428577, 28.571428571428577, 100.0, 61.53846153846153, 100.0, 100.0, 66.66666666666666, 80.0, 100.0, 100.0, 40.0, 100.0, 100.0, 66.66666666666666, 33.333333333333336, 100.0, 100.0, 100.0, 40.0, 40.0, 100.0, 40.0, 50.0, 100.0, 100.0, 66.66666666666666, 74.99999999999999, 100.0, 100.0, 100.0, 50.0, 50.0, 66.66666666666666, 100.0, 100.0, 100.0, 100.0, 50.0, 100.0, 100.0, 20.0, 100.0, 100.0, 100.0, 100.0, 100.0], "hercabs": [44.44444444444445, 40.0, 0, 0, 0, 40.0, 50.0, 0, 0, 100.0, 33.33333333333333, 0, 28.571428571428577, 0, 0, 40.0, 0, 0, 0, 0, 57.14285714285715, 0, 0, 0, 66.66666666666666, 0, 0, 0, 0, 28.571428571428577, 0, 0, 0, 0, 0, 0, 0, 0, 0, 0, 0, 0, 0, 0, 0, 0, 0, 50.0, 40.0, 0, 0, 40.0, 33.33333333333333, 33.33333333333333, 0, 0, 0, 0, 0, 66.66666666666666, 0, 0, 0, 0, 0, 0, 0, 50.0, 0, 0, 0, 100.0, 28.571428571428577, 0, 0, 0, 0, 0, 0, 0, 0, 0, 0, 0, 0, 0, 0, 0, 0, 0, 0, 0, 40.0, 0, 0, 0, 33.33333333333333, 0, 0, 0, 33.33333333333333, 0, 0, 0, 0, 0, 0, 0, 0, 40.0, 0, 40.0, 0, 0, 0], "hercext": [57.14285714285715, 0, 0, 0, 0, 0, 0, 14.285714285714288, 0, 100.0, 0, 0, 0, 0, 0, 0, 0, 0, 0, 0, 22.222222222222225, 0, 25.0, 0, 28.571428571428577, 0, 0, 0, 0, 33.33333333333333, 40.0, 0, 0, 0, 0, 0, 0, 0, 0, 0, 0, 0, 100.0, 0, 25.0, 0, 0, 66.66666666666666, 100.0, 0, 0, 0, 0, 0, 66.66666666666666, 0, 0, 50.0, 0, 66.66666666666666, 0, 0, 0, 0, 100.0, 0, 0, 66.66666666666666, 0, 0, 57.14285714285715, 100.0, 20.0, 0, 0, 0, 0, 50.0, 22.222222222222225, 0, 0, 100.0, 0, 0, 0, 0, 28.571428571428577, 50.0, 0, 33.33333333333333, 50.0, 0, 0, 0, 0, 0, 25.0, 50.0, 0, 0, 66.66666666666666, 0, 0, 0, 0, 0, 0, 0, 0, 0, 0, 20.0, 0, 0, 0], "qt": [33.33333333333333, 0, 66.66666666666666, 0, 0, 0, 100.0, 0, 0, 100.0, 40.0, 0, 66.66666666666666, 0, 0, 100.0, 0, 0, 50.0, 0, 50.0, 0, 20.0, 0, 100.0, 0, 0, 100.0, 0, 0, 0, 0, 0, 0, 0, 0, 0, 0, 33.33333333333333, 0, 0, 100.0, 50.0, 0, 28.571428571428577, 0, 0, 0, 0, 100.0, 0, 40.0, 40.0, 40.0, 0, 0, 0, 66.66666666666666, 0, 100.0, 0, 0, 0, 0, 50.0, 0, 0, 66.66666666666666, 0, 0, 28.571428571428577, 0, 0, 0, 0, 0, 0, 0, 0, 0, 0, 100.0, 22.22222222222222, 0, 0, 0, 66.66666666666666, 0, 66.66666666666666, 50.0, 0, 0, 0, 0, 66.66666666666666, 18.181818181818183, 33.33333333333333, 0, 0, 0, 0, 0, 100.0, 50.0, 0, 66.66666666666666, 0, 100.0, 0, 0, 0, 0, 0, 0, 0], "acesum_abs": [0, 50.0, 0, 0, 0, 0, 0, 0, 0, 100.0, 57.14285714285715, 0, 75.0, 0, 0, 33.33333333333333, 0, 11.76470588235294, 0, 66.66666666666666, 36.36363636363637, 0, 28.571428571428577, 0, 40.0, 0, 0, 0, 57.14285714285715, 33.33333333333333, 0, 0, 0, 0, 0, 50.0, 0, 0, 0, 0, 0, 0, 0, 0, 50.0, 0, 0, 0, 0, 100.0, 0, 66.66666666666666, 20.0, 20.0, 0, 33.33333333333333, 0, 0, 50.0, 0, 0, 0, 0, 0, 0, 0, 0, 66.66666666666666, 0, 0, 28.571428571428577, 0, 100.0, 33.33333333333333, 0, 0, 0, 0, 0, 0, 0, 100.0, 14.285714285714288, 0, 66.66666666666666, 0, 33.33333333333333, 0, 0, 0, 100.0, 0, 50.0, 0, 0, 40.0, 25.0, 100.0, 0, 0, 50.0, 0, 66.66666666666666, 0, 0, 0, 0, 0, 0, 0, 0, 14.285714285714288, 0, 0, 0], "acesum_ext": [0, 0, 0, 0, 0, 66.66666666666666, 100.0, 20.0, 40.0, 0, 40.0, 0, 66.66666666666666, 0, 0, 100.0, 0, 0, 0, 66.66666666666666, 0, 0, 0, 0, 57.14285714285715, 66.66666666666666, 0, 0, 0, 0, 0, 0, 0, 0, 0, 0, 50.0, 0, 0, 0, 0, 0, 100.0, 0, 0, 0, 0, 50.0, 0, 0, 0, 100.0, 23.52941176470588, 0, 0, 0, 0, 0, 0, 0, 50.0, 0, 0, 0, 0, 0, 0, 50.0, 0, 0, 33.33333333333333, 0, 57.14285714285715, 0, 0, 0, 0, 0, 0, 0, 0, 0, 0, 100.0, 57.14285714285715, 0, 0, 0, 0, 0, 0, 0, 0, 0, 0, 18.181818181818183, 66.66666666666666, 100.0, 100.0, 0, 50.0, 0, 66.66666666666666, 0, 0, 100.0, 0, 0, 0, 0, 0, 0, 0, 0, 0]}, "location": {"refs": [100.0, 100.0, 100.0, 0, 100.0, 0, 0, 0, 100.0, 100.0, 0, 66.66666666666666, 100.0, 100.0, 100.0, 100.0, 0, 0, 100.0, 100.0, 85.71428571428571, 100.0, 0, 100.0, 100.0, 0, 66.66666666666666, 100.0, 100.0, 100.0, 100.0, 100.0, 100.0, 0, 100.0, 100.0, 54.54545454545454, 100.0, 100.0, 100.0, 66.66666666666666, 28.57142857142857, 100.0, 100.0, 100.0, 40.0, 0, 66.66666666666666, 66.66666666666666, 0, 100.0, 100.0, 100.0, 100.0, 100.0, 100.0, 66.66666666666666, 100.0, 100.0, 100.0, 100.0, 100.0, 100.0], "hercabs": [0, 0, 0, 0, 0, 0, 0, 0, 0, 0, 0, 0, 0, 0, 0, 0, 0, 0, 0, 0, 33.33333333333333, 0, 0, 0, 0, 0, 0, 0, 0, 0, 0, 0, 0, 0, 0, 0, 0, 0, 0, 0, 0, 0, 0, 0, 0, 0, 0, 0, 0, 100.0, 0, 0, 0, 0, 0, 0, 0, 0, 0, 0, 0, 0, 0], "hercext": [0, 0, 100.0, 0, 0, 0, 0, 0, 0, 0, 0, 0, 0, 0, 0, 0, 0, 0, 0, 0, 36.36363636363637, 0, 0, 0, 0, 0, 0, 100.0, 0, 0, 0, 0, 0, 0, 0, 0, 0, 0, 0, 0, 0, 0, 0, 0, 66.66666666666666, 0, 0, 66.66666666666666, 0, 0, 0, 0, 100.0, 0, 0, 0, 0, 0, 100.0, 100.0, 0, 66.66666666666666, 0], "qt": [66.66666666666666, 0, 0, 0, 0, 0, 0, 0, 100.0, 0, 0, 0, 0, 0, 0, 0, 0, 0, 0, 0, 0, 0, 0, 0, 100.0, 0, 0, 0, 0, 0, 0, 0, 0, 0, 0, 0, 0, 0, 0, 0, 0, 0, 66.66666666666666, 0, 0, 0, 0, 66.66666666666666, 0, 0, 0, 0, 0, 100.0, 50.0, 0, 0, 0, 66.66666666666666, 66.66666666666666, 0, 0, 18.18181818181818], "acesum_abs": [0, 0, 0, 0, 0, 0, 0, 0, 0, 0, 100.0, 0, 0, 0, 0, 0, 0, 0, 0, 0, 0, 66.66666666666666, 0, 0, 0, 0, 0, 0, 0, 0, 0, 0, 0, 0, 0, 0, 0, 0, 0, 0, 0, 0, 0, 0, 50.0, 0, 0, 66.66666666666666, 0, 0, 0, 100.0, 0, 0, 0, 0, 0, 0, 0, 0, 13.333333333333334, 0, 0], "acesum_ext": [0, 0, 33.333333333333336, 0, 50.0, 0, 0, 0, 0, 0, 0, 0, 0, 0, 0, 0, 0, 0, 0, 0, 0, 0, 0, 28.571428571428577, 0, 0, 0, 0, 0, 0, 0, 0, 0, 0, 0, 0, 0, 0, 0, 0, 0, 0, 0, 33.333333333333336, 0, 0, 0, 0, 0, 0, 0, 0, 0, 100.0, 50.0, 0, 0, 0, 0, 0, 0, 0, 0]}, "service": {"refs": [100.0, 100.0, 66.66666666666666, 100.0, 85.71428571428571, 100.0, 100.0, 100.0, 100.0, 50.0, 100.0, 100.0, 66.66666666666666, 22.222222222222225, 0, 100.0, 100.0, 66.66666666666666, 100.0, 74.99999999999999, 0, 66.66666666666666, 66.66666666666666, 100.0, 100.0, 100.0, 100.0, 66.66666666666666, 33.33333333333333, 100.0, 100.0, 100.0, 100.0, 100.0, 100.0, 33.33333333333333, 100.0, 100.0, 0, 0, 50.0, 100.0, 33.333333333333336, 100.0, 100.0, 100.0, 100.0, 80.0, 66.66666666666666, 0, 100.0, 12.5, 100.0, 0, 18.18181818181818, 50.0, 100.0, 66.66666666666666, 100.0, 100.0, 57.14285714285715, 100.0, 66.66666666666666, 0, 57.14285714285715, 100.0, 25.0, 100.0, 100.0, 0, 100.0, 100.0, 0, 66.66666666666666, 0, 100.0, 100.0, 0, 100.0, 0, 74.99999999999999, 100.0, 0, 100.0, 100.0], "hercabs": [50.0, 0, 0, 0, 57.14285714285715, 0, 0, 0, 0, 0, 0, 0, 0, 33.33333333333333, 0, 0, 40.0, 0, 0, 33.33333333333333, 0, 16.666666666666668, 50.0, 0, 0, 0, 0, 33.33333333333333, 57.14285714285715, 0, 0, 28.571428571428577, 57.14285714285715, 50.0, 50.0, 33.33333333333333, 25.0, 0, 0, 0, 40.0, 0, 0, 50.0, 0, 0, 100.0, 0, 0, 0, 0, 0, 28.571428571428577, 0, 0, 33.33333333333333, 0, 100.0, 85.71428571428571, 0, 66.66666666666666, 0, 22.222222222222225, 40.0, 66.66666666666666, 0, 28.571428571428577, 66.66666666666666, 0, 0, 0, 0, 0, 0, 0, 40.0, 0, 15.384615384615383, 0, 0, 28.571428571428577, 100.0, 0, 0, 0],